policy/KLBefore,policy/KL,EnvExecTime,policy/Entropy,PolicyExecTime,MaxReturn,Extras/EpisodeRewardMean,policy/LossBefore,LinearFeatureBaseline/ExplainedVariance,StdReturn,Iteration,Perplexity,AverageReturn,NumTrajs,policy/dLoss,MinReturn,AverageDiscountedReturn,ProcessExecTime,policy/LossAfter,Entropy
1.5369536e-11,0.009809931,0.05010104179382324,0.66341686,0.3960554599761963,45.0,15.86,-1.3018034223932773e-06,3.05079908002881e-08,6.527286476783442,0,1.8651305783298764,15.6875,256,0.014041708036529599,8.0,14.409245130779523,0.021741867065429688,-0.014043009839951992,0.6233310658351121
